representation,clustering,full_forest_size,subforest_size,acc,balanced_acc,macro_f1,roc_auc,agreement_with_full_forest,indices
# Fold 0
Full Forest,,1000,1000,1.0,1.0,1.0,,,
Random Subforest,,1000,5,1.0,1.0,1.0,,1.0,"[411, 521, 660, 737, 740]"
Random Subforest,,1000,10,0.98,0.9791666666666666,0.9797235023041475,,0.98,"[93, 100, 264, 393, 562, 685, 692, 729, 738, 924]"
Random Subforest,,1000,15,1.0,1.0,1.0,,1.0,"[39, 122, 206, 209, 306, 355, 468, 586, 602, 603, 612, 795, 860, 938, 983]"
Random Subforest,,1000,20,1.0,1.0,1.0,,1.0,"[70, 94, 97, 105, 196, 211, 321, 335, 389, 395, 471, 527, 555, 594, 666, 688, 750, 803, 833, 971]"
Random Subforest,,1000,25,0.98,0.9803921568627452,0.9797979797979798,,0.98,"[25, 41, 52, 148, 162, 243, 291, 296, 345, 354, 385, 392, 423, 502, 522, 537, 539, 548, 567, 638, 729, 730, 751, 818, 821]"
Random Subforest,,1000,30,1.0,1.0,1.0,,1.0,"[6, 36, 61, 101, 157, 159, 171, 173, 204, 324, 391, 413, 440, 441, 458, 460, 517, 533, 534, 557, 573, 621, 679, 705, 710, 721, 780, 831, 916, 938]"
Top OOB Subforest,,1000,5,0.98,0.9803921568627452,0.9797979797979798,,0.98,"[195, 223, 232, 412, 660]"
Top OOB Subforest,,1000,10,1.0,1.0,1.0,,1.0,"[15, 62, 195, 223, 232, 292, 412, 606, 660, 923]"
Top OOB Subforest,,1000,15,1.0,1.0,1.0,,1.0,"[15, 62, 148, 195, 223, 232, 292, 412, 554, 606, 658, 660, 866, 923, 983]"
Top OOB Subforest,,1000,20,1.0,1.0,1.0,,1.0,"[15, 62, 148, 150, 168, 195, 223, 232, 292, 412, 512, 554, 606, 658, 660, 839, 866, 923, 943, 983]"
Top OOB Subforest,,1000,25,1.0,1.0,1.0,,1.0,"[15, 62, 139, 148, 150, 168, 195, 223, 232, 292, 347, 412, 512, 554, 601, 606, 611, 658, 660, 839, 841, 866, 923, 943, 983]"
Top OOB Subforest,,1000,30,1.0,1.0,1.0,,1.0,"[15, 49, 62, 139, 148, 150, 168, 195, 223, 232, 263, 292, 347, 352, 409, 412, 512, 554, 601, 606, 611, 658, 660, 668, 839, 841, 866, 923, 943, 983]"
Feature Graph,k-medoid,1000,5,1.0,1.0,1.0,,1.0,"[39, 376, 615, 632, 742]"
Feature Graph,k-medoid,1000,10,0.98,0.9803921568627452,0.9797979797979798,,0.98,"[28, 86, 145, 408, 505, 562, 632, 723, 801, 950]"
Feature Graph,k-medoid,1000,15,0.98,0.9803921568627452,0.9797979797979798,,0.98,"[13, 28, 44, 104, 145, 230, 256, 356, 408, 514, 615, 632, 753, 829, 950]"
Feature Graph,k-medoid,1000,20,0.98,0.9803921568627452,0.9797979797979798,,0.98,"[28, 36, 105, 143, 145, 215, 242, 299, 313, 375, 433, 514, 615, 713, 742, 840, 868, 874, 920, 956]"
Feature Graph,k-medoid,1000,25,1.0,1.0,1.0,,1.0,"[28, 36, 47, 53, 86, 93, 105, 145, 204, 205, 215, 242, 296, 299, 375, 433, 514, 615, 713, 742, 779, 840, 868, 956, 989]"
Feature Graph,k-medoid,1000,30,0.98,0.9803921568627452,0.9797979797979798,,0.98,"[28, 36, 53, 62, 73, 86, 104, 171, 205, 242, 278, 299, 356, 375, 381, 394, 424, 433, 467, 468, 514, 615, 680, 742, 861, 895, 909, 935, 956, 989]"
Feature Graph,agglomerative,1000,5,0.98,0.9803921568627452,0.9797979797979798,,0.98,"[44, 45, 47, 116, 256]"
Feature Graph,agglomerative,1000,10,1.0,1.0,1.0,,1.0,"[45, 47, 59, 116, 256, 433, 614, 687, 720, 823]"
Feature Graph,agglomerative,1000,15,0.98,0.9803921568627452,0.9797979797979798,,0.98,"[21, 28, 45, 59, 116, 256, 372, 433, 615, 647, 679, 687, 709, 720, 974]"
Feature Graph,agglomerative,1000,20,0.98,0.9803921568627452,0.9797979797979798,,0.98,"[21, 28, 45, 59, 116, 130, 188, 217, 256, 276, 372, 615, 647, 679, 687, 689, 709, 720, 895, 974]"
Feature Graph,agglomerative,1000,25,0.98,0.9803921568627452,0.9797979797979798,,0.98,"[21, 28, 45, 51, 59, 106, 116, 130, 188, 217, 246, 256, 276, 299, 300, 455, 632, 647, 679, 687, 689, 720, 895, 939, 974]"
Feature Graph,agglomerative,1000,30,0.98,0.9803921568627452,0.9797979797979798,,0.98,"[21, 28, 45, 51, 59, 69, 87, 106, 116, 130, 156, 188, 217, 276, 291, 299, 354, 356, 455, 467, 632, 647, 679, 683, 687, 689, 720, 895, 939, 974]"
Feature Graph,density,1000,5,1.0,1.0,1.0,,1.0,"[153, 375, 599, 739, 949]"
Feature Graph,density,1000,10,0.98,0.9803921568627452,0.9797979797979798,,0.98,"[62, 153, 154, 375, 598, 599, 689, 739, 852, 949]"
Feature Graph,density,1000,15,1.0,1.0,1.0,,1.0,"[37, 62, 153, 154, 253, 259, 375, 598, 599, 689, 739, 787, 852, 939, 949]"
Feature Graph,density,1000,20,0.98,0.9803921568627452,0.9797979797979798,,0.98,"[37, 62, 153, 154, 253, 259, 260, 311, 337, 375, 455, 460, 598, 599, 689, 739, 787, 852, 939, 949]"
Feature Graph,density,1000,25,0.98,0.9803921568627452,0.9797979797979798,,0.98,"[37, 62, 140, 153, 154, 253, 259, 260, 311, 325, 337, 344, 375, 455, 460, 593, 598, 599, 689, 709, 739, 787, 852, 939, 949]"
Feature Graph,density,1000,30,0.98,0.9803921568627452,0.9797979797979798,,0.98,"[37, 62, 82, 140, 153, 154, 210, 253, 259, 260, 311, 325, 337, 344, 375, 455, 460, 584, 593, 598, 599, 676, 689, 709, 739, 787, 852, 906, 939, 949]"
Tree Descriptor,k-medoid,1000,5,0.98,0.9803921568627452,0.9797979797979798,,0.98,"[200, 804, 875, 982, 987]"
Tree Descriptor,k-medoid,1000,10,1.0,1.0,1.0,,1.0,"[42, 218, 300, 400, 634, 648, 680, 804, 909, 982]"
Tree Descriptor,k-medoid,1000,15,1.0,1.0,1.0,,1.0,"[8, 46, 189, 198, 519, 561, 627, 634, 735, 804, 830, 875, 926, 970, 982]"
Tree Descriptor,k-medoid,1000,20,1.0,1.0,1.0,,1.0,"[42, 103, 188, 196, 216, 295, 359, 402, 519, 561, 634, 657, 662, 673, 680, 717, 735, 781, 804, 838]"
Tree Descriptor,k-medoid,1000,25,1.0,1.0,1.0,,1.0,"[15, 25, 103, 106, 177, 196, 198, 243, 302, 330, 402, 426, 462, 493, 502, 561, 570, 627, 634, 648, 673, 717, 804, 851, 970]"
Tree Descriptor,k-medoid,1000,30,1.0,1.0,1.0,,1.0,"[2, 25, 103, 160, 177, 188, 195, 196, 198, 240, 270, 302, 305, 359, 400, 402, 420, 423, 502, 559, 561, 570, 573, 627, 648, 673, 717, 813, 851, 926]"
Tree Descriptor,agglomerative,1000,5,1.0,1.0,1.0,,1.0,"[110, 402, 680, 799, 804]"
Tree Descriptor,agglomerative,1000,10,1.0,1.0,1.0,,1.0,"[25, 110, 181, 389, 438, 464, 604, 656, 799, 804]"
Tree Descriptor,agglomerative,1000,15,1.0,1.0,1.0,,1.0,"[25, 42, 110, 181, 261, 389, 438, 485, 552, 586, 604, 680, 749, 799, 846]"
Tree Descriptor,agglomerative,1000,20,1.0,1.0,1.0,,1.0,"[110, 181, 261, 389, 438, 503, 558, 586, 604, 635, 670, 680, 692, 707, 720, 749, 802, 846, 860, 898]"
Tree Descriptor,agglomerative,1000,25,1.0,1.0,1.0,,1.0,"[110, 181, 261, 389, 438, 464, 503, 558, 586, 604, 635, 670, 673, 692, 695, 707, 720, 734, 749, 802, 838, 846, 854, 898, 944]"
Tree Descriptor,agglomerative,1000,30,1.0,1.0,1.0,,1.0,"[50, 110, 181, 261, 320, 389, 407, 426, 438, 464, 503, 558, 570, 586, 604, 607, 611, 635, 670, 673, 692, 707, 720, 734, 749, 802, 838, 846, 854, 944]"
Tree Descriptor,density,1000,5,1.0,1.0,1.0,,1.0,"[110, 373, 558, 728, 952]"
Tree Descriptor,density,1000,10,1.0,1.0,1.0,,1.0,"[91, 110, 127, 373, 558, 673, 703, 728, 932, 952]"
Tree Descriptor,density,1000,15,1.0,1.0,1.0,,1.0,"[16, 91, 110, 127, 226, 373, 457, 558, 673, 703, 728, 849, 932, 952, 953]"
Tree Descriptor,density,1000,20,1.0,1.0,1.0,,1.0,"[16, 91, 110, 127, 192, 226, 261, 373, 413, 457, 481, 558, 586, 673, 703, 728, 849, 932, 952, 953]"
Tree Descriptor,density,1000,25,1.0,1.0,1.0,,1.0,"[16, 91, 110, 127, 192, 226, 261, 373, 413, 457, 466, 481, 484, 558, 586, 673, 703, 728, 738, 767, 794, 849, 932, 952, 953]"
Tree Descriptor,density,1000,30,1.0,1.0,1.0,,1.0,"[7, 16, 91, 110, 118, 127, 192, 226, 261, 373, 413, 457, 466, 481, 484, 558, 579, 586, 637, 673, 703, 728, 738, 767, 794, 796, 849, 932, 952, 953]"
Leaf Profile,k-medoid,1000,5,0.98,0.9791666666666666,0.9797235023041475,,0.98,"[145, 159, 264, 422, 635]"
Leaf Profile,k-medoid,1000,10,1.0,1.0,1.0,,1.0,"[80, 137, 160, 191, 197, 340, 382, 467, 631, 949]"
Leaf Profile,k-medoid,1000,15,0.98,0.9791666666666666,0.9797235023041475,,0.98,"[9, 92, 191, 204, 255, 266, 313, 328, 354, 475, 497, 500, 714, 745, 995]"
Leaf Profile,k-medoid,1000,20,0.98,0.9803921568627452,0.9797979797979798,,0.98,"[21, 36, 91, 205, 211, 216, 243, 354, 383, 387, 414, 490, 516, 608, 625, 737, 739, 771, 841, 901]"
Leaf Profile,k-medoid,1000,25,1.0,1.0,1.0,,1.0,"[9, 22, 25, 42, 103, 145, 151, 155, 160, 217, 271, 341, 376, 394, 507, 542, 589, 625, 638, 670, 764, 841, 863, 965, 977]"
Leaf Profile,k-medoid,1000,30,1.0,1.0,1.0,,1.0,"[9, 25, 54, 69, 91, 103, 145, 151, 155, 160, 181, 204, 243, 331, 341, 381, 394, 475, 507, 542, 589, 610, 625, 638, 657, 670, 764, 800, 841, 863]"
Leaf Profile,agglomerative,1000,5,0.98,0.9791666666666666,0.9797235023041475,,0.98,"[92, 367, 657, 658, 752]"
Leaf Profile,agglomerative,1000,10,1.0,1.0,1.0,,1.0,"[95, 172, 278, 367, 463, 496, 548, 637, 752, 822]"
Leaf Profile,agglomerative,1000,15,1.0,1.0,1.0,,1.0,"[95, 104, 172, 231, 328, 367, 463, 496, 512, 531, 548, 604, 637, 752, 793]"
Leaf Profile,agglomerative,1000,20,0.98,0.9791666666666666,0.9797235023041475,,0.98,"[67, 84, 104, 124, 214, 231, 302, 328, 367, 463, 496, 504, 512, 531, 604, 637, 660, 702, 752, 952]"
Leaf Profile,agglomerative,1000,25,1.0,1.0,1.0,,1.0,"[62, 67, 84, 124, 125, 214, 302, 367, 372, 403, 463, 496, 504, 512, 604, 637, 660, 681, 687, 702, 752, 763, 764, 902, 952]"
Leaf Profile,agglomerative,1000,30,1.0,1.0,1.0,,1.0,"[62, 67, 124, 125, 214, 302, 347, 367, 372, 378, 381, 403, 463, 496, 512, 570, 572, 604, 637, 660, 681, 683, 687, 702, 752, 763, 764, 874, 902, 977]"
Leaf Profile,density,1000,5,0.98,0.9791666666666666,0.9797235023041475,,0.98,"[164, 375, 577, 721, 953]"
Leaf Profile,density,1000,10,0.98,0.9791666666666666,0.9797235023041475,,0.98,"[43, 148, 164, 375, 466, 577, 721, 752, 771, 953]"
Leaf Profile,density,1000,15,1.0,1.0,1.0,,1.0,"[20, 43, 148, 164, 256, 367, 375, 466, 577, 590, 721, 752, 771, 929, 953]"
Leaf Profile,density,1000,20,1.0,1.0,1.0,,1.0,"[20, 43, 148, 164, 256, 273, 350, 367, 375, 455, 463, 466, 572, 577, 590, 721, 752, 771, 929, 953]"
Leaf Profile,density,1000,25,1.0,1.0,1.0,,1.0,"[20, 43, 129, 148, 164, 256, 273, 347, 350, 367, 375, 455, 463, 466, 545, 572, 577, 590, 721, 752, 759, 771, 887, 929, 953]"
Leaf Profile,density,1000,30,1.0,1.0,1.0,,1.0,"[20, 43, 125, 129, 148, 164, 256, 273, 347, 348, 350, 367, 375, 455, 463, 466, 545, 572, 577, 584, 590, 592, 658, 721, 752, 759, 771, 887, 929, 953]"
Combined,k-medoid,1000,5,1.0,1.0,1.0,,1.0,"[47, 52, 626, 757, 904]"
Combined,k-medoid,1000,10,1.0,1.0,1.0,,1.0,"[103, 204, 211, 335, 343, 512, 626, 757, 769, 875]"
Combined,k-medoid,1000,15,1.0,1.0,1.0,,1.0,"[42, 100, 103, 187, 190, 197, 225, 433, 475, 477, 622, 626, 722, 757, 956]"
Combined,k-medoid,1000,20,1.0,1.0,1.0,,1.0,"[42, 100, 103, 150, 160, 187, 190, 197, 225, 293, 437, 477, 559, 585, 622, 626, 674, 757, 896, 956]"
Combined,k-medoid,1000,25,1.0,1.0,1.0,,1.0,"[42, 100, 103, 109, 150, 160, 197, 343, 409, 437, 462, 475, 477, 525, 585, 622, 626, 663, 667, 674, 757, 769, 816, 896, 956]"
Combined,k-medoid,1000,30,1.0,1.0,1.0,,1.0,"[73, 83, 105, 142, 197, 204, 218, 305, 343, 360, 437, 475, 522, 525, 562, 564, 575, 622, 667, 674, 701, 755, 757, 769, 816, 875, 886, 913, 956, 959]"
Combined,agglomerative,1000,5,0.98,0.9803921568627452,0.9797979797979798,,0.98,"[73, 83, 460, 635, 875]"
Combined,agglomerative,1000,10,1.0,1.0,1.0,,1.0,"[43, 73, 83, 143, 367, 460, 556, 635, 757, 886]"
Combined,agglomerative,1000,15,0.98,0.9791666666666666,0.9797235023041475,,0.98,"[43, 59, 83, 129, 143, 216, 367, 455, 460, 556, 635, 757, 864, 886, 920]"
Combined,agglomerative,1000,20,0.98,0.9791666666666666,0.9797235023041475,,0.98,"[43, 59, 83, 129, 143, 216, 254, 291, 367, 455, 460, 493, 518, 556, 635, 766, 769, 864, 886, 920]"
Combined,agglomerative,1000,25,0.98,0.9791666666666666,0.9797235023041475,,0.98,"[43, 59, 83, 129, 143, 189, 216, 253, 291, 367, 433, 455, 460, 493, 518, 556, 635, 661, 766, 769, 886, 920, 936, 975, 997]"
Combined,agglomerative,1000,30,1.0,1.0,1.0,,1.0,"[43, 59, 83, 129, 143, 189, 216, 253, 354, 367, 416, 433, 455, 460, 493, 549, 556, 635, 661, 732, 766, 769, 791, 871, 886, 920, 925, 936, 975, 997]"
Combined,density,1000,5,1.0,1.0,1.0,,1.0,"[160, 374, 603, 741, 949]"
Combined,density,1000,10,1.0,1.0,1.0,,1.0,"[67, 154, 160, 374, 558, 603, 673, 741, 851, 949]"
Combined,density,1000,15,0.98,0.9803921568627452,0.9797979797979798,,0.98,"[28, 67, 154, 160, 194, 253, 374, 558, 603, 673, 741, 851, 854, 949, 952]"
Combined,density,1000,20,1.0,1.0,1.0,,1.0,"[28, 67, 154, 160, 194, 201, 253, 347, 348, 374, 444, 558, 584, 603, 673, 741, 851, 854, 949, 952]"
Combined,density,1000,25,1.0,1.0,1.0,,1.0,"[28, 67, 154, 160, 168, 194, 201, 253, 307, 347, 348, 374, 423, 444, 455, 558, 584, 603, 612, 673, 741, 851, 854, 949, 952]"
Combined,density,1000,30,1.0,1.0,1.0,,1.0,"[20, 28, 67, 154, 160, 168, 194, 201, 253, 261, 307, 347, 348, 367, 374, 423, 444, 455, 558, 584, 603, 612, 633, 673, 741, 825, 851, 854, 949, 952]"
Topological Forest,k-medoid,1000,5,1.0,1.0,1.0,,1.0,"[301, 626, 663, 743, 876]"
Topological Forest,k-medoid,1000,10,0.98,0.9791666666666666,0.9797235023041475,,0.98,"[153, 272, 301, 334, 435, 564, 626, 663, 689, 743]"
Topological Forest,k-medoid,1000,15,0.98,0.9803921568627452,0.9797979797979798,,0.98,"[67, 153, 272, 301, 326, 334, 435, 545, 564, 626, 663, 689, 743, 856, 955]"
Topological Forest,k-medoid,1000,20,1.0,1.0,1.0,,1.0,"[12, 17, 69, 272, 301, 326, 327, 334, 376, 545, 564, 565, 626, 630, 663, 705, 743, 831, 856, 955]"
Topological Forest,k-medoid,1000,25,1.0,1.0,1.0,,1.0,"[17, 69, 105, 235, 272, 301, 326, 327, 334, 428, 460, 545, 564, 565, 626, 630, 663, 705, 743, 782, 815, 831, 841, 856, 955]"
Topological Forest,k-medoid,1000,30,1.0,1.0,1.0,,1.0,"[1, 12, 16, 105, 153, 301, 326, 327, 334, 366, 376, 381, 428, 460, 492, 545, 564, 565, 571, 626, 630, 663, 684, 689, 705, 815, 841, 856, 865, 955]"
Topological Forest,agglomerative,1000,5,0.98,0.9803921568627452,0.9797979797979798,,0.98,"[12, 14, 31, 47, 626]"
Topological Forest,agglomerative,1000,10,0.98,0.9803921568627452,0.9797979797979798,,0.98,"[3, 12, 14, 21, 23, 31, 41, 43, 47, 626]"
Topological Forest,agglomerative,1000,15,0.98,0.9803921568627452,0.9797979797979798,,0.98,"[3, 8, 12, 14, 21, 23, 25, 31, 35, 41, 43, 47, 56, 148, 626]"
Topological Forest,agglomerative,1000,20,0.98,0.9803921568627452,0.9797979797979798,,0.98,"[3, 8, 12, 14, 16, 21, 23, 25, 31, 35, 41, 43, 47, 56, 98, 148, 301, 415, 626, 663]"
Topological Forest,agglomerative,1000,25,0.98,0.9803921568627452,0.9797979797979798,,0.98,"[0, 3, 8, 12, 14, 16, 21, 23, 25, 31, 33, 35, 41, 43, 47, 56, 67, 85, 98, 139, 148, 168, 301, 415, 966]"
Topological Forest,agglomerative,1000,30,0.98,0.9803921568627452,0.9797979797979798,,0.98,"[0, 3, 8, 9, 12, 14, 15, 16, 21, 23, 24, 25, 31, 33, 34, 35, 41, 43, 47, 56, 67, 91, 98, 141, 148, 149, 162, 167, 168, 415]"
Topological Forest,density,1000,5,1.0,1.0,1.0,,1.0,"[153, 375, 597, 728, 951]"
Topological Forest,density,1000,10,1.0,1.0,1.0,,1.0,"[53, 153, 157, 375, 572, 597, 696, 728, 857, 951]"
Topological Forest,density,1000,15,0.98,0.9803921568627452,0.9797979797979798,,0.98,"[14, 53, 153, 157, 173, 203, 375, 572, 597, 696, 728, 851, 857, 951, 983]"
Topological Forest,density,1000,20,0.98,0.9803921568627452,0.9797979797979798,,0.98,"[14, 53, 153, 157, 173, 192, 203, 290, 313, 375, 432, 499, 572, 597, 696, 728, 851, 857, 951, 983]"
Topological Forest,density,1000,25,0.98,0.9803921568627452,0.9797979797979798,,0.98,"[14, 53, 99, 153, 157, 173, 192, 203, 290, 295, 313, 375, 415, 423, 432, 499, 554, 572, 597, 696, 728, 851, 857, 951, 983]"
Topological Forest,density,1000,30,0.98,0.9803921568627452,0.9797979797979798,,0.98,"[14, 26, 53, 99, 153, 157, 173, 191, 192, 203, 290, 295, 313, 375, 415, 423, 432, 499, 554, 572, 588, 597, 660, 696, 728, 829, 851, 857, 951, 983]"
INDTree,k-medoid,1000,5,0.98,0.9803921568627452,0.9797979797979798,,0.98,"[141, 197, 454, 652, 894]"
INDTree,k-medoid,1000,10,0.98,0.9791666666666666,0.9797235023041475,,0.98,"[36, 89, 93, 125, 575, 588, 622, 652, 894, 909]"
INDTree,k-medoid,1000,15,1.0,1.0,1.0,,1.0,"[64, 89, 125, 129, 221, 234, 281, 285, 346, 419, 740, 802, 855, 966, 992]"
INDTree,k-medoid,1000,20,1.0,1.0,1.0,,1.0,"[10, 19, 37, 114, 213, 221, 234, 285, 292, 294, 414, 462, 740, 760, 855, 915, 966, 992, 993, 998]"
INDTree,k-medoid,1000,25,1.0,1.0,1.0,,1.0,"[10, 19, 64, 68, 89, 99, 114, 126, 160, 182, 187, 213, 221, 232, 234, 292, 424, 440, 514, 572, 620, 650, 740, 855, 916]"
INDTree,k-medoid,1000,30,1.0,1.0,1.0,,1.0,"[19, 28, 62, 64, 68, 89, 93, 99, 109, 114, 126, 131, 139, 147, 160, 221, 232, 234, 246, 295, 412, 478, 514, 620, 679, 740, 805, 855, 969, 992]"
INDTree,agglomerative,1000,5,1.0,1.0,1.0,,1.0,"[42, 60, 100, 118, 251]"
INDTree,agglomerative,1000,10,1.0,1.0,1.0,,1.0,"[42, 46, 60, 100, 117, 118, 251, 261, 301, 886]"
INDTree,agglomerative,1000,15,1.0,1.0,1.0,,1.0,"[42, 46, 60, 89, 109, 117, 118, 236, 261, 301, 478, 652, 720, 740, 886]"
INDTree,agglomerative,1000,20,1.0,1.0,1.0,,1.0,"[46, 60, 89, 109, 117, 118, 132, 140, 236, 261, 301, 455, 457, 478, 496, 720, 740, 759, 886, 914]"
INDTree,agglomerative,1000,25,1.0,1.0,1.0,,1.0,"[11, 28, 46, 60, 89, 109, 117, 118, 132, 140, 148, 236, 261, 301, 455, 457, 478, 496, 720, 732, 740, 749, 759, 886, 949]"
INDTree,agglomerative,1000,30,1.0,1.0,1.0,,1.0,"[11, 28, 33, 37, 46, 60, 109, 117, 118, 132, 140, 148, 156, 236, 261, 301, 457, 478, 496, 548, 549, 599, 709, 720, 732, 740, 749, 815, 886, 949]"
INDTree,density,1000,5,1.0,1.0,1.0,,1.0,"[143, 375, 593, 731, 949]"
INDTree,density,1000,10,0.98,0.9791666666666666,0.9797235023041475,,0.98,"[60, 140, 143, 375, 583, 593, 673, 731, 891, 949]"
INDTree,density,1000,15,1.0,1.0,1.0,,1.0,"[26, 60, 140, 143, 218, 255, 375, 583, 593, 673, 731, 796, 891, 949, 953]"
INDTree,density,1000,20,0.98,0.9791666666666666,0.9797235023041475,,0.98,"[26, 60, 140, 143, 218, 220, 255, 347, 375, 466, 583, 593, 659, 673, 731, 749, 796, 891, 949, 953]"
INDTree,density,1000,25,1.0,1.0,1.0,,1.0,"[26, 60, 140, 143, 186, 218, 220, 255, 314, 347, 375, 431, 466, 496, 583, 593, 659, 673, 731, 749, 796, 891, 906, 949, 953]"
INDTree,density,1000,30,1.0,1.0,1.0,,1.0,"[26, 35, 60, 140, 143, 186, 218, 220, 255, 260, 314, 347, 375, 431, 466, 496, 517, 583, 593, 604, 659, 673, 709, 731, 749, 796, 891, 906, 949, 953]"
# Fold 1
Full Forest,,1000,1000,0.94,0.9399509803921569,0.9393939393939394,,,
Random Subforest,,1000,5,0.96,0.9595588235294118,0.9595588235294118,,0.98,"[183, 502, 710, 858, 986]"
Random Subforest,,1000,10,0.94,0.9399509803921569,0.9393939393939394,,1.0,"[72, 219, 225, 312, 385, 416, 449, 626, 794, 899]"
Random Subforest,,1000,15,0.94,0.9399509803921569,0.9393939393939394,,1.0,"[73, 85, 253, 279, 327, 349, 402, 436, 702, 709, 718, 754, 777, 812, 992]"
Random Subforest,,1000,20,0.94,0.9399509803921569,0.9393939393939394,,1.0,"[50, 218, 231, 234, 296, 321, 325, 365, 424, 457, 683, 754, 758, 788, 810, 861, 888, 899, 925, 949]"
Random Subforest,,1000,25,0.94,0.9399509803921569,0.9393939393939394,,1.0,"[11, 54, 90, 177, 342, 402, 403, 510, 555, 569, 617, 673, 690, 704, 705, 707, 759, 767, 848, 853, 862, 871, 912, 914, 946]"
Random Subforest,,1000,30,0.94,0.9399509803921569,0.9393939393939394,,1.0,"[33, 103, 125, 169, 202, 271, 289, 307, 344, 388, 500, 571, 602, 607, 670, 681, 695, 747, 753, 770, 779, 868, 905, 934, 960, 962, 984, 985, 986, 995]"
Top OOB Subforest,,1000,5,0.92,0.9191176470588235,0.9191176470588235,,0.98,"[54, 557, 654, 804, 809]"
Top OOB Subforest,,1000,10,0.94,0.9399509803921569,0.9393939393939394,,1.0,"[54, 114, 117, 557, 654, 804, 809, 827, 828, 832]"
Top OOB Subforest,,1000,15,0.92,0.9191176470588235,0.9191176470588235,,0.98,"[54, 114, 117, 119, 516, 525, 557, 654, 804, 809, 827, 828, 832, 855, 859]"
Top OOB Subforest,,1000,20,0.92,0.9191176470588235,0.9191176470588235,,0.98,"[54, 58, 111, 114, 117, 119, 516, 525, 557, 563, 654, 799, 804, 809, 827, 828, 832, 855, 859, 861]"
Top OOB Subforest,,1000,25,0.92,0.9191176470588235,0.9191176470588235,,0.98,"[54, 58, 74, 92, 94, 111, 114, 117, 119, 516, 525, 557, 563, 654, 669, 688, 799, 804, 809, 827, 828, 832, 855, 859, 861]"
Top OOB Subforest,,1000,30,0.92,0.9191176470588235,0.9191176470588235,,0.98,"[54, 58, 74, 92, 94, 99, 111, 114, 117, 119, 516, 525, 557, 563, 651, 654, 669, 688, 767, 779, 799, 804, 809, 827, 828, 832, 855, 859, 861, 873]"
Feature Graph,k-medoid,1000,5,0.94,0.9399509803921569,0.9393939393939394,,1.0,"[88, 273, 310, 437, 661]"
Feature Graph,k-medoid,1000,10,0.94,0.9399509803921569,0.9393939393939394,,1.0,"[36, 80, 137, 176, 285, 356, 384, 834, 937, 985]"
Feature Graph,k-medoid,1000,15,0.92,0.9191176470588235,0.9191176470588235,,0.98,"[43, 50, 80, 137, 176, 273, 377, 502, 733, 761, 889, 937, 939, 982, 985]"
Feature Graph,k-medoid,1000,20,0.94,0.9399509803921569,0.9393939393939394,,1.0,"[22, 43, 50, 80, 84, 93, 137, 187, 203, 366, 377, 378, 502, 544, 581, 733, 939, 958, 982, 985]"
Feature Graph,k-medoid,1000,25,0.94,0.9399509803921569,0.9393939393939394,,1.0,"[22, 36, 43, 50, 65, 81, 137, 176, 211, 267, 278, 366, 377, 393, 476, 502, 542, 544, 581, 733, 880, 939, 982, 983, 985]"
Feature Graph,k-medoid,1000,30,0.94,0.9399509803921569,0.9393939393939394,,1.0,"[22, 26, 43, 50, 78, 81, 137, 176, 211, 212, 267, 278, 366, 377, 393, 476, 502, 542, 544, 581, 698, 718, 733, 880, 900, 907, 939, 958, 983, 985]"
Feature Graph,agglomerative,1000,5,0.9,0.8982843137254902,0.8986175115207374,,0.96,"[78, 176, 310, 502, 892]"
Feature Graph,agglomerative,1000,10,0.94,0.9387254901960785,0.9391705069124424,,0.96,"[54, 71, 78, 176, 444, 502, 539, 871, 892, 910]"
Feature Graph,agglomerative,1000,15,0.94,0.9387254901960785,0.9391705069124424,,0.96,"[32, 54, 71, 78, 176, 233, 259, 394, 444, 502, 539, 649, 871, 892, 910]"
Feature Graph,agglomerative,1000,20,0.92,0.9191176470588235,0.9191176470588235,,0.98,"[32, 71, 176, 187, 233, 252, 259, 288, 310, 375, 394, 444, 502, 539, 581, 599, 649, 871, 892, 910]"
Feature Graph,agglomerative,1000,25,0.94,0.9387254901960785,0.9391705069124424,,0.96,"[10, 32, 54, 71, 176, 187, 233, 252, 259, 288, 375, 394, 439, 444, 477, 502, 539, 599, 603, 649, 744, 757, 871, 892, 910]"
Feature Graph,agglomerative,1000,30,0.92,0.9191176470588235,0.9191176470588235,,0.98,"[10, 32, 54, 71, 93, 133, 176, 187, 233, 252, 259, 288, 375, 394, 439, 444, 459, 477, 502, 528, 539, 599, 603, 612, 649, 744, 757, 871, 892, 910]"
Feature Graph,density,1000,5,0.94,0.9399509803921569,0.9393939393939394,,1.0,"[115, 134, 220, 317, 611]"
Feature Graph,density,1000,10,0.94,0.9399509803921569,0.9393939393939394,,1.0,"[42, 115, 134, 220, 317, 561, 611, 679, 753, 867]"
Feature Graph,density,1000,15,0.94,0.9399509803921569,0.9393939393939394,,1.0,"[42, 71, 115, 134, 220, 280, 317, 395, 561, 611, 679, 753, 842, 867, 892]"
Feature Graph,density,1000,20,0.94,0.9399509803921569,0.9393939393939394,,1.0,"[42, 71, 115, 134, 183, 220, 255, 280, 317, 388, 395, 469, 561, 611, 679, 753, 842, 865, 867, 892]"
Feature Graph,density,1000,25,0.92,0.9191176470588235,0.9191176470588235,,0.98,"[42, 71, 115, 134, 183, 220, 255, 280, 317, 388, 395, 451, 469, 493, 561, 611, 679, 753, 842, 850, 865, 867, 892, 976, 980]"
Feature Graph,density,1000,30,0.92,0.9191176470588235,0.9191176470588235,,0.98,"[42, 71, 115, 134, 142, 183, 220, 255, 259, 280, 300, 317, 388, 395, 451, 469, 493, 561, 611, 620, 679, 753, 842, 850, 863, 865, 867, 892, 976, 980]"
Tree Descriptor,k-medoid,1000,5,0.94,0.9399509803921569,0.9393939393939394,,1.0,"[318, 468, 529, 874, 976]"
Tree Descriptor,k-medoid,1000,10,0.94,0.9399509803921569,0.9393939393939394,,1.0,"[129, 318, 468, 529, 688, 702, 820, 837, 960, 976]"
Tree Descriptor,k-medoid,1000,15,0.92,0.9191176470588235,0.9191176470588235,,0.98,"[75, 102, 152, 170, 201, 217, 261, 334, 529, 554, 595, 685, 769, 972, 976]"
Tree Descriptor,k-medoid,1000,20,0.94,0.9399509803921569,0.9393939393939394,,1.0,"[152, 185, 201, 217, 334, 338, 430, 554, 568, 595, 681, 683, 769, 776, 786, 837, 854, 959, 972, 976]"
Tree Descriptor,k-medoid,1000,25,0.94,0.9399509803921569,0.9393939393939394,,1.0,"[41, 71, 92, 109, 112, 114, 139, 217, 349, 409, 430, 485, 508, 660, 769, 773, 776, 786, 837, 855, 890, 907, 927, 947, 976]"
Tree Descriptor,k-medoid,1000,30,0.94,0.9399509803921569,0.9393939393939394,,1.0,"[109, 114, 201, 217, 228, 277, 328, 334, 338, 343, 409, 461, 464, 523, 539, 554, 562, 623, 679, 699, 704, 755, 769, 786, 803, 837, 854, 907, 923, 972]"
Tree Descriptor,agglomerative,1000,5,0.9,0.8995098039215685,0.8989898989898991,,0.92,"[155, 382, 626, 679, 704]"
Tree Descriptor,agglomerative,1000,10,0.94,0.9399509803921569,0.9393939393939394,,1.0,"[155, 217, 220, 468, 507, 521, 704, 784, 865, 939]"
Tree Descriptor,agglomerative,1000,15,0.94,0.9387254901960785,0.9391705069124424,,0.96,"[112, 155, 217, 220, 292, 394, 507, 521, 577, 776, 827, 830, 933, 939, 950]"
Tree Descriptor,agglomerative,1000,20,0.94,0.9399509803921569,0.9393939393939394,,1.0,"[89, 97, 112, 155, 217, 218, 292, 394, 507, 521, 577, 646, 776, 827, 830, 865, 927, 939, 950, 955]"
Tree Descriptor,agglomerative,1000,25,0.92,0.9191176470588235,0.9191176470588235,,0.98,"[89, 97, 112, 161, 217, 218, 292, 364, 394, 507, 521, 577, 646, 776, 823, 827, 830, 857, 865, 891, 927, 939, 950, 955, 959]"
Tree Descriptor,agglomerative,1000,30,0.94,0.9399509803921569,0.9393939393939394,,1.0,"[89, 97, 112, 161, 218, 292, 302, 312, 344, 364, 381, 394, 507, 577, 646, 662, 776, 815, 823, 827, 857, 865, 891, 904, 908, 927, 939, 950, 955, 959]"
Tree Descriptor,density,1000,5,0.92,0.9191176470588235,0.9191176470588235,,0.98,"[114, 130, 259, 477, 632]"
Tree Descriptor,density,1000,10,0.92,0.9191176470588235,0.9191176470588235,,0.98,"[45, 114, 130, 259, 477, 511, 632, 667, 720, 815]"
Tree Descriptor,density,1000,15,0.92,0.9191176470588235,0.9191176470588235,,0.98,"[45, 101, 114, 130, 173, 259, 477, 506, 511, 632, 667, 682, 720, 727, 815]"
Tree Descriptor,density,1000,20,0.92,0.9191176470588235,0.9191176470588235,,0.98,"[45, 58, 101, 114, 130, 173, 212, 259, 310, 477, 506, 507, 511, 632, 667, 682, 720, 727, 798, 815]"
Tree Descriptor,density,1000,25,0.94,0.9399509803921569,0.9393939393939394,,1.0,"[45, 58, 101, 114, 130, 173, 212, 259, 310, 477, 506, 507, 511, 580, 632, 667, 682, 696, 720, 727, 733, 798, 815, 903, 955]"
Tree Descriptor,density,1000,30,0.92,0.9191176470588235,0.9191176470588235,,0.98,"[45, 55, 58, 101, 114, 130, 161, 173, 212, 259, 310, 459, 477, 506, 507, 511, 553, 580, 632, 667, 682, 696, 720, 727, 733, 798, 815, 827, 903, 955]"
Leaf Profile,k-medoid,1000,5,0.92,0.9191176470588235,0.9191176470588235,,0.98,"[67, 144, 300, 341, 344]"
Leaf Profile,k-medoid,1000,10,0.94,0.9399509803921569,0.9393939393939394,,1.0,"[155, 193, 206, 634, 641, 768, 804, 858, 881, 897]"
Leaf Profile,k-medoid,1000,15,0.94,0.9399509803921569,0.9393939393939394,,1.0,"[21, 65, 87, 119, 133, 149, 157, 269, 467, 503, 670, 688, 722, 732, 862]"
Leaf Profile,k-medoid,1000,20,0.92,0.9191176470588235,0.9191176470588235,,0.98,"[47, 157, 175, 231, 249, 281, 282, 300, 311, 467, 553, 594, 651, 670, 699, 727, 782, 862, 945, 964]"
Leaf Profile,k-medoid,1000,25,0.94,0.9399509803921569,0.9393939393939394,,1.0,"[4, 12, 17, 47, 64, 104, 107, 116, 166, 206, 304, 322, 365, 375, 466, 553, 576, 594, 621, 685, 686, 690, 777, 828, 857]"
Leaf Profile,k-medoid,1000,30,0.94,0.9399509803921569,0.9393939393939394,,1.0,"[4, 5, 12, 17, 47, 64, 104, 107, 116, 142, 206, 278, 291, 311, 322, 323, 365, 368, 375, 466, 485, 531, 553, 576, 685, 690, 828, 857, 871, 874]"
Leaf Profile,agglomerative,1000,5,0.96,0.9595588235294118,0.9595588235294118,,0.98,"[365, 366, 495, 909, 915]"
Leaf Profile,agglomerative,1000,10,0.96,0.9595588235294118,0.9595588235294118,,0.98,"[128, 158, 366, 387, 462, 495, 536, 909, 915, 974]"
Leaf Profile,agglomerative,1000,15,0.94,0.9399509803921569,0.9393939393939394,,1.0,"[65, 128, 133, 158, 171, 366, 417, 462, 486, 493, 495, 675, 909, 915, 937]"
Leaf Profile,agglomerative,1000,20,0.94,0.9399509803921569,0.9393939393939394,,1.0,"[65, 128, 171, 277, 293, 366, 385, 417, 454, 462, 486, 497, 585, 589, 641, 675, 909, 911, 915, 937]"
Leaf Profile,agglomerative,1000,25,0.94,0.9399509803921569,0.9393939393939394,,1.0,"[65, 125, 128, 144, 171, 255, 293, 356, 366, 385, 417, 430, 449, 454, 462, 497, 522, 530, 585, 589, 641, 909, 911, 915, 937]"
Leaf Profile,agglomerative,1000,30,0.94,0.9399509803921569,0.9393939393939394,,1.0,"[65, 125, 128, 134, 144, 171, 202, 230, 252, 255, 293, 346, 356, 366, 372, 385, 430, 449, 454, 462, 495, 497, 530, 585, 632, 641, 909, 911, 915, 937]"
Leaf Profile,density,1000,5,0.96,0.9607843137254902,0.9595588235294118,,0.98,"[115, 126, 230, 361, 595]"
Leaf Profile,density,1000,10,0.94,0.9399509803921569,0.9393939393939394,,1.0,"[42, 115, 126, 230, 361, 527, 595, 605, 751, 884]"
Leaf Profile,density,1000,15,0.94,0.9399509803921569,0.9393939393939394,,1.0,"[42, 115, 126, 128, 230, 346, 361, 366, 527, 571, 595, 605, 687, 751, 884]"
Leaf Profile,density,1000,20,0.94,0.9399509803921569,0.9393939393939394,,1.0,"[42, 115, 126, 128, 230, 272, 346, 361, 366, 417, 462, 527, 571, 577, 595, 605, 687, 751, 758, 884]"
Leaf Profile,density,1000,25,0.94,0.9399509803921569,0.9393939393939394,,1.0,"[42, 115, 126, 128, 230, 272, 346, 361, 366, 417, 462, 465, 495, 527, 571, 577, 595, 605, 687, 715, 751, 758, 884, 933, 934]"
Leaf Profile,density,1000,30,0.94,0.9399509803921569,0.9393939393939394,,1.0,"[42, 115, 126, 128, 168, 230, 272, 346, 361, 366, 406, 417, 462, 465, 495, 527, 535, 571, 577, 595, 605, 642, 687, 715, 751, 758, 844, 884, 933, 934]"
Combined,k-medoid,1000,5,0.92,0.9191176470588235,0.9191176470588235,,0.98,"[46, 297, 765, 788, 862]"
Combined,k-medoid,1000,10,0.92,0.9191176470588235,0.9191176470588235,,0.98,"[56, 99, 119, 368, 468, 755, 765, 817, 881, 935]"
Combined,k-medoid,1000,15,0.94,0.9399509803921569,0.9393939393939394,,1.0,"[57, 84, 99, 119, 188, 304, 384, 463, 468, 543, 650, 698, 721, 755, 958]"
Combined,k-medoid,1000,20,0.94,0.9399509803921569,0.9393939393939394,,1.0,"[47, 57, 84, 143, 188, 203, 205, 227, 263, 378, 386, 391, 418, 463, 468, 613, 678, 698, 765, 991]"
Combined,k-medoid,1000,25,0.94,0.9399509803921569,0.9393939393939394,,1.0,"[47, 54, 57, 131, 156, 203, 227, 263, 293, 297, 378, 386, 391, 463, 613, 616, 650, 678, 698, 729, 745, 884, 919, 924, 977]"
Combined,k-medoid,1000,30,0.94,0.9399509803921569,0.9393939393939394,,1.0,"[44, 47, 57, 197, 209, 222, 227, 263, 297, 304, 368, 428, 502, 524, 551, 554, 578, 586, 615, 616, 650, 678, 698, 721, 745, 796, 884, 907, 924, 969]"
Combined,agglomerative,1000,5,0.9,0.8982843137254902,0.8986175115207374,,0.96,"[47, 651, 892, 924, 997]"
Combined,agglomerative,1000,10,0.9,0.8982843137254902,0.8986175115207374,,0.96,"[32, 47, 233, 378, 459, 651, 738, 892, 924, 997]"
Combined,agglomerative,1000,15,0.9,0.8982843137254902,0.8986175115207374,,0.96,"[32, 197, 233, 371, 376, 459, 471, 578, 651, 738, 869, 892, 910, 924, 997]"
Combined,agglomerative,1000,20,0.92,0.9191176470588235,0.9191176470588235,,0.98,"[32, 53, 197, 227, 233, 371, 376, 459, 471, 536, 539, 578, 651, 738, 869, 892, 910, 934, 968, 997]"
Combined,agglomerative,1000,25,0.92,0.9191176470588235,0.9191176470588235,,0.98,"[32, 53, 71, 182, 197, 200, 227, 233, 339, 371, 376, 442, 459, 471, 536, 539, 578, 651, 738, 869, 892, 910, 934, 949, 968]"
Combined,agglomerative,1000,30,0.92,0.9191176470588235,0.9191176470588235,,0.98,"[32, 53, 71, 142, 182, 197, 227, 233, 253, 262, 339, 371, 376, 394, 439, 442, 459, 536, 539, 578, 646, 651, 699, 738, 869, 892, 910, 934, 968, 997]"
Combined,density,1000,5,0.94,0.9399509803921569,0.9393939393939394,,1.0,"[114, 142, 249, 319, 611]"
Combined,density,1000,10,0.94,0.9399509803921569,0.9393939393939394,,1.0,"[29, 114, 142, 249, 319, 525, 611, 646, 679, 865]"
Combined,density,1000,15,0.92,0.9191176470588235,0.9191176470588235,,0.98,"[29, 60, 114, 142, 168, 249, 319, 353, 525, 611, 646, 679, 725, 864, 865]"
Combined,density,1000,20,0.94,0.9399509803921569,0.9393939393939394,,1.0,"[29, 60, 66, 114, 142, 168, 207, 249, 319, 346, 353, 417, 525, 611, 646, 679, 725, 864, 865, 868]"
Combined,density,1000,25,0.94,0.9399509803921569,0.9393939393939394,,1.0,"[29, 60, 66, 114, 142, 168, 207, 249, 319, 346, 353, 371, 417, 462, 525, 611, 646, 679, 725, 855, 864, 865, 868, 934, 943]"
Combined,density,1000,30,0.94,0.9399509803921569,0.9393939393939394,,1.0,"[29, 60, 66, 113, 114, 142, 168, 207, 212, 249, 319, 346, 353, 360, 371, 417, 462, 525, 611, 642, 646, 679, 725, 855, 864, 865, 868, 892, 934, 943]"
Topological Forest,k-medoid,1000,5,0.94,0.9399509803921569,0.9393939393939394,,1.0,"[2, 49, 462, 716, 966]"
Topological Forest,k-medoid,1000,10,0.92,0.9191176470588235,0.9191176470588235,,0.98,"[2, 49, 139, 321, 462, 520, 621, 694, 938, 993]"
Topological Forest,k-medoid,1000,15,0.92,0.9191176470588235,0.9191176470588235,,0.98,"[2, 11, 49, 139, 250, 293, 321, 413, 520, 621, 680, 694, 747, 928, 938]"
Topological Forest,k-medoid,1000,20,0.92,0.9191176470588235,0.9191176470588235,,0.98,"[2, 11, 49, 139, 226, 250, 293, 321, 413, 500, 520, 621, 669, 680, 694, 716, 747, 914, 928, 938]"
Topological Forest,k-medoid,1000,25,0.92,0.9191176470588235,0.9191176470588235,,0.98,"[2, 11, 49, 139, 226, 250, 293, 321, 413, 500, 520, 612, 621, 669, 680, 694, 716, 744, 747, 785, 832, 906, 914, 928, 938]"
Topological Forest,k-medoid,1000,30,0.94,0.9399509803921569,0.9393939393939394,,1.0,"[2, 11, 49, 74, 91, 139, 226, 250, 293, 316, 321, 413, 428, 500, 520, 612, 621, 669, 680, 694, 716, 744, 747, 785, 832, 895, 906, 914, 928, 938]"
Topological Forest,agglomerative,1000,5,0.94,0.9399509803921569,0.9393939393939394,,1.0,"[2, 3, 23, 25, 914]"
Topological Forest,agglomerative,1000,10,0.94,0.9399509803921569,0.9393939393939394,,1.0,"[2, 3, 8, 23, 25, 33, 36, 113, 914, 980]"
Topological Forest,agglomerative,1000,15,0.94,0.9399509803921569,0.9393939393939394,,1.0,"[0, 2, 3, 8, 10, 12, 23, 25, 33, 36, 79, 113, 158, 914, 980]"
Topological Forest,agglomerative,1000,20,0.92,0.9191176470588235,0.9191176470588235,,0.98,"[0, 2, 3, 4, 8, 10, 12, 23, 25, 33, 36, 53, 71, 100, 113, 158, 168, 255, 914, 980]"
Topological Forest,agglomerative,1000,25,0.94,0.9387254901960785,0.9391705069124424,,0.96,"[0, 2, 3, 4, 5, 7, 8, 10, 12, 23, 25, 33, 36, 45, 53, 65, 71, 100, 113, 158, 168, 255, 883, 914, 980]"
Topological Forest,agglomerative,1000,30,0.92,0.9191176470588235,0.9191176470588235,,0.98,"[0, 2, 3, 4, 5, 7, 8, 10, 12, 23, 25, 33, 36, 38, 42, 45, 53, 61, 65, 71, 100, 113, 158, 168, 255, 493, 589, 883, 914, 980]"
Topological Forest,density,1000,5,0.94,0.9399509803921569,0.9393939393939394,,1.0,"[115, 132, 235, 333, 610]"
Topological Forest,density,1000,10,0.92,0.9191176470588235,0.9191176470588235,,0.98,"[30, 115, 132, 235, 333, 533, 610, 668, 752, 864]"
Topological Forest,density,1000,15,0.92,0.9191176470588235,0.9191176470588235,,0.98,"[30, 42, 115, 132, 235, 269, 333, 393, 533, 610, 668, 752, 796, 854, 864]"
Topological Forest,density,1000,20,0.92,0.9191176470588235,0.9191176470588235,,0.98,"[30, 42, 45, 115, 132, 216, 235, 269, 331, 333, 393, 400, 533, 610, 668, 752, 796, 801, 854, 864]"
Topological Forest,density,1000,25,0.92,0.9191176470588235,0.9191176470588235,,0.98,"[30, 42, 45, 115, 132, 216, 235, 269, 331, 333, 382, 393, 394, 400, 533, 610, 668, 752, 796, 801, 821, 854, 864, 955, 974]"
Topological Forest,density,1000,30,0.92,0.9191176470588235,0.9191176470588235,,0.98,"[30, 42, 45, 104, 115, 132, 216, 235, 269, 331, 333, 382, 389, 393, 394, 400, 438, 533, 610, 631, 668, 752, 796, 801, 821, 854, 864, 912, 955, 974]"
INDTree,k-medoid,1000,5,0.94,0.9399509803921569,0.9393939393939394,,1.0,"[26, 158, 264, 540, 761]"
INDTree,k-medoid,1000,10,0.94,0.9399509803921569,0.9393939393939394,,1.0,"[16, 36, 43, 65, 71, 76, 84, 115, 158, 234]"
INDTree,k-medoid,1000,15,0.94,0.9399509803921569,0.9393939393939394,,1.0,"[26, 36, 71, 76, 84, 158, 180, 201, 234, 324, 370, 550, 606, 956, 977]"
INDTree,k-medoid,1000,20,0.94,0.9399509803921569,0.9393939393939394,,1.0,"[2, 16, 26, 36, 73, 117, 150, 158, 175, 180, 238, 240, 324, 370, 550, 770, 796, 799, 936, 977]"
INDTree,k-medoid,1000,25,0.96,0.9595588235294118,0.9595588235294118,,0.98,"[0, 2, 6, 16, 35, 48, 71, 73, 91, 117, 128, 150, 158, 180, 188, 201, 324, 370, 550, 770, 796, 799, 835, 977, 999]"
INDTree,k-medoid,1000,30,0.96,0.9595588235294118,0.9595588235294118,,0.98,"[2, 10, 16, 26, 36, 38, 59, 73, 88, 109, 117, 128, 150, 188, 190, 192, 240, 324, 370, 429, 540, 550, 770, 785, 796, 799, 835, 977, 997, 999]"
INDTree,agglomerative,1000,5,0.94,0.9399509803921569,0.9393939393939394,,1.0,"[54, 271, 551, 593, 820]"
INDTree,agglomerative,1000,10,0.92,0.9178921568627452,0.9185185185185185,,0.94,"[23, 55, 61, 65, 98, 402, 551, 589, 593, 892]"
INDTree,agglomerative,1000,15,0.92,0.9178921568627452,0.9185185185185185,,0.94,"[12, 23, 55, 61, 157, 175, 194, 240, 402, 453, 465, 551, 589, 593, 892]"
INDTree,agglomerative,1000,20,0.92,0.9178921568627452,0.9185185185185185,,0.94,"[23, 55, 61, 157, 175, 194, 255, 259, 394, 395, 402, 453, 465, 551, 589, 593, 802, 865, 892, 927]"
INDTree,agglomerative,1000,25,0.92,0.9178921568627452,0.9185185185185185,,0.94,"[12, 18, 23, 55, 61, 76, 157, 194, 201, 255, 259, 300, 394, 395, 402, 439, 465, 551, 561, 589, 593, 802, 865, 892, 933]"
INDTree,agglomerative,1000,30,0.92,0.9178921568627452,0.9185185185185185,,0.94,"[1, 10, 12, 16, 18, 23, 25, 61, 65, 76, 185, 194, 201, 255, 259, 300, 394, 395, 402, 439, 465, 551, 561, 589, 593, 865, 892, 933, 970, 976]"
INDTree,density,1000,5,0.9,0.8982843137254902,0.8986175115207374,,0.96,"[115, 119, 250, 313, 606]"
INDTree,density,1000,10,0.94,0.9387254901960785,0.9391705069124424,,0.96,"[61, 115, 119, 250, 313, 593, 606, 662, 830, 948]"
INDTree,density,1000,15,0.92,0.9178921568627452,0.9185185185185185,,0.94,"[61, 77, 115, 119, 237, 250, 313, 509, 593, 606, 662, 830, 863, 892, 948]"
INDTree,density,1000,20,0.92,0.9191176470588235,0.9191176470588235,,0.98,"[61, 77, 92, 115, 119, 235, 237, 250, 309, 313, 509, 580, 593, 606, 662, 830, 863, 871, 892, 948]"
INDTree,density,1000,25,0.9,0.8982843137254902,0.8986175115207374,,0.96,"[61, 77, 92, 115, 119, 235, 237, 250, 309, 313, 509, 580, 593, 604, 606, 662, 830, 863, 865, 871, 892, 902, 913, 948, 980]"
INDTree,density,1000,30,0.9,0.8982843137254902,0.8986175115207374,,0.96,"[61, 77, 92, 115, 119, 163, 235, 237, 250, 295, 309, 313, 394, 509, 580, 593, 604, 606, 662, 781, 830, 863, 865, 871, 892, 902, 910, 913, 948, 980]"
# Fold 2
Full Forest,,1000,1000,0.92,0.9215686274509803,0.9215686274509803,,,
Random Subforest,,1000,5,0.88,0.8823529411764706,0.8805704099821746,,0.96,"[19, 41, 118, 221, 425]"
Random Subforest,,1000,10,0.88,0.8823529411764706,0.8805704099821746,,0.96,"[99, 151, 206, 488, 633, 729, 785, 936, 939, 975]"
Random Subforest,,1000,15,0.9,0.9019607843137255,0.9018759018759019,,0.98,"[51, 84, 113, 188, 194, 213, 299, 346, 504, 513, 517, 623, 789, 869, 999]"
Random Subforest,,1000,20,0.92,0.9215686274509803,0.9215686274509803,,1.0,"[47, 50, 120, 139, 170, 173, 196, 249, 346, 349, 483, 486, 641, 671, 760, 789, 831, 840, 864, 980]"
Random Subforest,,1000,25,0.92,0.9215686274509803,0.9215686274509803,,1.0,"[64, 207, 234, 245, 328, 344, 348, 414, 424, 441, 490, 579, 699, 723, 736, 748, 769, 789, 793, 810, 816, 845, 902, 962, 977]"
Random Subforest,,1000,30,0.92,0.9215686274509803,0.9215686274509803,,1.0,"[33, 37, 66, 82, 141, 231, 232, 301, 344, 381, 397, 399, 444, 453, 469, 481, 511, 586, 634, 648, 652, 686, 699, 725, 764, 805, 891, 924, 938, 977]"
Top OOB Subforest,,1000,5,0.92,0.9215686274509803,0.9215686274509803,,1.0,"[184, 326, 419, 863, 956]"
Top OOB Subforest,,1000,10,0.92,0.9215686274509803,0.9215686274509803,,1.0,"[110, 184, 185, 326, 419, 538, 562, 623, 863, 956]"
Top OOB Subforest,,1000,15,0.92,0.9215686274509803,0.9215686274509803,,1.0,"[93, 110, 118, 184, 185, 310, 326, 419, 538, 562, 594, 623, 863, 894, 956]"
Top OOB Subforest,,1000,20,0.92,0.9215686274509803,0.9215686274509803,,1.0,"[93, 110, 118, 169, 184, 185, 230, 310, 326, 419, 538, 562, 578, 594, 623, 668, 863, 894, 925, 956]"
Top OOB Subforest,,1000,25,0.92,0.9215686274509803,0.9215686274509803,,1.0,"[93, 110, 118, 169, 184, 185, 191, 230, 310, 326, 419, 533, 538, 562, 578, 594, 603, 623, 668, 704, 863, 894, 907, 925, 956]"
Top OOB Subforest,,1000,30,0.92,0.9215686274509803,0.9215686274509803,,1.0,"[93, 108, 110, 118, 169, 180, 184, 185, 191, 230, 310, 326, 419, 472, 505, 533, 538, 562, 578, 594, 603, 623, 668, 704, 760, 863, 894, 907, 925, 956]"
Feature Graph,k-medoid,1000,5,0.92,0.9215686274509803,0.9215686274509803,,1.0,"[8, 80, 249, 343, 557]"
Feature Graph,k-medoid,1000,10,0.92,0.9215686274509803,0.9215686274509803,,1.0,"[8, 10, 63, 108, 126, 339, 343, 533, 711, 904]"
Feature Graph,k-medoid,1000,15,0.92,0.9215686274509803,0.9215686274509803,,1.0,"[46, 63, 67, 108, 125, 127, 202, 338, 339, 516, 533, 738, 895, 900, 953]"
Feature Graph,k-medoid,1000,20,0.94,0.9411764705882352,0.9411255411255411,,0.98,"[3, 6, 28, 88, 108, 125, 202, 310, 338, 339, 485, 489, 497, 533, 570, 602, 706, 862, 939, 988]"
Feature Graph,k-medoid,1000,25,0.94,0.9411764705882352,0.9411255411255411,,0.98,"[3, 28, 32, 63, 67, 108, 125, 202, 238, 282, 310, 338, 339, 480, 485, 489, 497, 516, 533, 546, 602, 706, 892, 939, 988]"
Feature Graph,k-medoid,1000,30,0.94,0.9411764705882352,0.9411255411255411,,0.98,"[3, 28, 32, 58, 67, 81, 117, 125, 233, 238, 310, 328, 338, 339, 446, 449, 480, 485, 497, 516, 533, 546, 602, 631, 648, 706, 892, 939, 954, 988]"
Feature Graph,agglomerative,1000,5,0.94,0.9411764705882352,0.9411255411255411,,0.98,"[72, 166, 432, 467, 602]"
Feature Graph,agglomerative,1000,10,0.94,0.9411764705882352,0.9411255411255411,,0.98,"[55, 166, 272, 314, 343, 373, 432, 449, 451, 775]"
Feature Graph,agglomerative,1000,15,0.94,0.9411764705882352,0.9411255411255411,,0.98,"[55, 254, 272, 283, 343, 365, 373, 432, 433, 451, 494, 518, 533, 545, 775]"
Feature Graph,agglomerative,1000,20,0.94,0.9411764705882352,0.9411255411255411,,0.98,"[17, 55, 105, 108, 125, 272, 283, 338, 354, 365, 373, 432, 451, 485, 494, 518, 533, 545, 733, 775]"
Feature Graph,agglomerative,1000,25,0.94,0.9411764705882352,0.9411255411255411,,0.98,"[17, 25, 55, 75, 105, 108, 125, 176, 264, 272, 283, 354, 365, 373, 432, 451, 485, 488, 494, 518, 545, 733, 775, 816, 850]"
Feature Graph,agglomerative,1000,30,0.94,0.9411764705882352,0.9411255411255411,,0.98,"[17, 25, 55, 75, 101, 105, 108, 125, 159, 176, 264, 272, 283, 354, 365, 373, 451, 485, 488, 494, 518, 545, 586, 733, 775, 809, 816, 835, 850, 887]"
Feature Graph,density,1000,5,0.88,0.8823529411764706,0.8797799422799423,,0.96,"[101, 357, 358, 745, 834]"
Feature Graph,density,1000,10,0.9,0.9019607843137255,0.9001782531194297,,0.98,"[101, 357, 358, 385, 386, 506, 625, 737, 745, 834]"
Feature Graph,density,1000,15,0.9,0.9019607843137255,0.9001782531194297,,0.98,"[101, 121, 216, 357, 358, 385, 386, 426, 433, 506, 625, 737, 745, 834, 965]"
Feature Graph,density,1000,20,0.9,0.9019607843137255,0.9001782531194297,,0.98,"[101, 121, 136, 216, 357, 358, 385, 386, 426, 433, 506, 625, 626, 737, 745, 834, 835, 887, 936, 965]"
Feature Graph,density,1000,25,0.92,0.9215686274509803,0.9203802733214498,,0.96,"[101, 121, 123, 136, 216, 259, 357, 358, 385, 386, 409, 426, 433, 506, 625, 626, 661, 737, 745, 794, 834, 835, 887, 936, 965]"
Feature Graph,density,1000,30,0.92,0.9215686274509803,0.9203802733214498,,0.96,"[99, 101, 121, 123, 136, 182, 216, 259, 357, 358, 385, 386, 409, 426, 433, 506, 549, 625, 626, 661, 737, 745, 769, 794, 834, 835, 836, 887, 936, 965]"
Tree Descriptor,k-medoid,1000,5,0.96,0.9607843137254902,0.9607843137254902,,0.96,"[382, 393, 740, 911, 929]"
Tree Descriptor,k-medoid,1000,10,0.9,0.9019607843137255,0.9006132756132756,,0.94,"[7, 101, 228, 360, 393, 499, 655, 684, 762, 929]"
Tree Descriptor,k-medoid,1000,15,0.9,0.9019607843137255,0.9018759018759019,,0.98,"[91, 132, 222, 228, 274, 404, 462, 499, 616, 641, 684, 821, 830, 901, 949]"
Tree Descriptor,k-medoid,1000,20,0.9,0.9019607843137255,0.9018759018759019,,0.98,"[48, 52, 132, 187, 222, 228, 346, 357, 393, 404, 499, 611, 616, 655, 684, 709, 751, 821, 948, 949]"
Tree Descriptor,k-medoid,1000,25,0.9,0.9019607843137255,0.9018759018759019,,0.98,"[33, 43, 52, 53, 105, 142, 187, 346, 357, 377, 392, 404, 499, 655, 701, 719, 727, 745, 766, 785, 821, 830, 915, 949, 995]"
Tree Descriptor,k-medoid,1000,30,0.92,0.9215686274509803,0.9215686274509803,,1.0,"[7, 33, 39, 52, 78, 91, 142, 187, 243, 272, 274, 337, 357, 381, 392, 404, 439, 499, 528, 555, 602, 652, 684, 701, 727, 751, 766, 821, 881, 949]"
Tree Descriptor,agglomerative,1000,5,0.9,0.9019607843137255,0.9006132756132756,,0.94,"[68, 360, 661, 865, 949]"
Tree Descriptor,agglomerative,1000,10,0.88,0.8823529411764706,0.8805704099821746,,0.96,"[68, 356, 499, 520, 655, 716, 766, 784, 838, 949]"
Tree Descriptor,agglomerative,1000,15,0.9,0.9019607843137255,0.9018759018759019,,0.98,"[68, 171, 356, 367, 404, 499, 520, 645, 655, 716, 766, 838, 841, 865, 949]"
Tree Descriptor,agglomerative,1000,20,0.92,0.9215686274509803,0.9215686274509803,,1.0,"[68, 101, 171, 273, 332, 356, 367, 384, 404, 499, 520, 645, 655, 716, 766, 838, 841, 865, 887, 996]"
Tree Descriptor,agglomerative,1000,25,0.92,0.9215686274509803,0.9215686274509803,,1.0,"[68, 101, 171, 246, 273, 332, 346, 356, 367, 384, 404, 407, 510, 520, 528, 540, 548, 596, 645, 716, 766, 838, 865, 887, 996]"
Tree Descriptor,agglomerative,1000,30,0.92,0.9215686274509803,0.9203802733214498,,0.96,"[55, 68, 101, 171, 219, 273, 274, 332, 346, 356, 384, 404, 407, 501, 510, 518, 519, 520, 528, 540, 548, 596, 645, 716, 762, 766, 823, 838, 865, 887]"
Tree Descriptor,density,1000,5,0.9,0.9019607843137255,0.9018759018759019,,0.98,"[108, 148, 218, 716, 834]"
Tree Descriptor,density,1000,10,0.9,0.9019607843137255,0.9018759018759019,,0.98,"[108, 148, 218, 422, 464, 527, 641, 661, 716, 834]"
Tree Descriptor,density,1000,15,0.9,0.9019607843137255,0.9018759018759019,,0.98,"[54, 68, 108, 148, 218, 356, 422, 448, 464, 527, 641, 661, 716, 834, 969]"
Tree Descriptor,density,1000,20,0.9,0.9019607843137255,0.9018759018759019,,0.98,"[54, 68, 108, 148, 218, 329, 356, 422, 448, 464, 527, 558, 641, 661, 694, 716, 834, 904, 969, 974]"
Tree Descriptor,density,1000,25,0.9,0.9019607843137255,0.9018759018759019,,0.98,"[54, 68, 108, 148, 218, 329, 356, 384, 422, 448, 464, 504, 514, 527, 538, 558, 638, 641, 661, 694, 716, 834, 904, 969, 974]"
Tree Descriptor,density,1000,30,0.9,0.9019607843137255,0.9018759018759019,,0.98,"[54, 68, 108, 148, 218, 242, 329, 356, 359, 384, 422, 448, 464, 504, 514, 523, 527, 538, 549, 558, 559, 638, 641, 661, 694, 716, 834, 904, 969, 974]"
Leaf Profile,k-medoid,1000,5,0.92,0.9215686274509803,0.9215686274509803,,1.0,"[48, 323, 524, 564, 777]"
Leaf Profile,k-medoid,1000,10,0.9,0.9019607843137255,0.9018759018759019,,0.98,"[38, 148, 197, 249, 339, 341, 779, 956, 972, 991]"
Leaf Profile,k-medoid,1000,15,0.88,0.8823529411764706,0.8805704099821746,,0.96,"[30, 77, 86, 241, 285, 303, 383, 459, 468, 478, 660, 815, 835, 972, 993]"
Leaf Profile,k-medoid,1000,20,0.9,0.9019607843137255,0.9001782531194297,,0.98,"[19, 34, 49, 81, 103, 134, 160, 181, 210, 237, 285, 360, 468, 487, 648, 851, 896, 923, 954, 985]"
Leaf Profile,k-medoid,1000,25,0.88,0.8823529411764706,0.8805704099821746,,0.96,"[19, 22, 52, 84, 115, 152, 187, 276, 322, 328, 426, 493, 593, 606, 623, 638, 676, 800, 815, 835, 873, 895, 906, 989, 995]"
Leaf Profile,k-medoid,1000,30,0.92,0.9215686274509803,0.9215686274509803,,1.0,"[19, 87, 103, 109, 115, 157, 187, 189, 222, 243, 276, 285, 366, 426, 437, 456, 493, 523, 593, 676, 707, 712, 734, 736, 753, 835, 873, 896, 989, 995]"
Leaf Profile,agglomerative,1000,5,0.88,0.8823529411764706,0.8805704099821746,,0.96,"[79, 251, 378, 742, 985]"
Leaf Profile,agglomerative,1000,10,0.88,0.8823529411764706,0.8805704099821746,,0.96,"[79, 152, 251, 277, 306, 378, 453, 835, 912, 985]"
Leaf Profile,agglomerative,1000,15,0.9,0.9019607843137255,0.9001782531194297,,0.98,"[65, 66, 152, 251, 271, 306, 322, 365, 453, 815, 835, 912, 953, 985, 993]"
Leaf Profile,agglomerative,1000,20,0.9,0.9019607843137255,0.9018759018759019,,0.98,"[17, 59, 65, 66, 190, 251, 271, 306, 307, 322, 365, 405, 453, 464, 510, 704, 815, 835, 912, 953]"
Leaf Profile,agglomerative,1000,25,0.92,0.9215686274509803,0.9212962962962963,,0.96,"[17, 59, 65, 93, 144, 189, 190, 243, 251, 271, 307, 316, 365, 405, 453, 464, 470, 510, 632, 704, 835, 901, 912, 953, 991]"
Leaf Profile,agglomerative,1000,30,0.92,0.9215686274509803,0.9215686274509803,,1.0,"[17, 41, 65, 93, 138, 144, 148, 189, 190, 243, 251, 271, 307, 316, 348, 365, 371, 405, 453, 464, 470, 497, 510, 548, 632, 704, 901, 953, 959, 991]"
Leaf Profile,density,1000,5,0.94,0.9411764705882352,0.9411255411255411,,0.98,"[98, 363, 370, 719, 834]"
Leaf Profile,density,1000,10,0.94,0.9411764705882352,0.9411255411255411,,0.98,"[98, 363, 370, 453, 461, 553, 570, 719, 724, 834]"
Leaf Profile,density,1000,15,0.94,0.9411764705882352,0.9411255411255411,,0.98,"[98, 112, 127, 363, 370, 405, 416, 453, 461, 553, 570, 719, 724, 834, 959]"
Leaf Profile,density,1000,20,0.94,0.9411764705882352,0.9411255411255411,,0.98,"[41, 98, 112, 127, 363, 370, 405, 416, 453, 461, 553, 570, 582, 683, 719, 724, 834, 891, 933, 959]"
Leaf Profile,density,1000,25,0.94,0.9411764705882352,0.9411255411255411,,0.98,"[41, 98, 112, 127, 167, 345, 363, 365, 370, 405, 416, 453, 461, 515, 553, 570, 582, 683, 719, 724, 757, 834, 891, 933, 959]"
Leaf Profile,density,1000,30,0.94,0.9411764705882352,0.9411255411255411,,0.98,"[18, 41, 42, 98, 112, 127, 167, 345, 363, 365, 370, 405, 416, 453, 461, 515, 553, 570, 582, 588, 656, 683, 719, 724, 757, 834, 891, 901, 933, 959]"
Combined,k-medoid,1000,5,0.94,0.9411764705882352,0.9411255411255411,,0.94,"[505, 552, 679, 861, 929]"
Combined,k-medoid,1000,10,0.92,0.9215686274509803,0.9212962962962963,,0.96,"[3, 194, 216, 333, 352, 403, 517, 531, 633, 679]"
Combined,k-medoid,1000,15,0.94,0.9411764705882352,0.9411255411255411,,0.98,"[216, 362, 385, 606, 633, 689, 754, 763, 768, 873, 881, 896, 954, 978, 987]"
Combined,k-medoid,1000,20,0.94,0.9411764705882352,0.9411255411255411,,0.98,"[3, 14, 43, 71, 158, 212, 252, 435, 615, 672, 679, 689, 754, 763, 768, 850, 873, 954, 978, 987]"
Combined,k-medoid,1000,25,0.92,0.9215686274509803,0.9215686274509803,,1.0,"[3, 14, 71, 109, 158, 205, 212, 239, 244, 435, 615, 672, 679, 689, 709, 720, 754, 763, 768, 834, 850, 895, 954, 956, 987]"
Combined,k-medoid,1000,30,0.92,0.9215686274509803,0.9215686274509803,,1.0,"[3, 14, 52, 109, 158, 205, 212, 244, 390, 423, 424, 589, 603, 615, 650, 654, 672, 679, 709, 718, 720, 763, 778, 834, 850, 895, 898, 950, 956, 978]"
Combined,agglomerative,1000,5,0.88,0.8811274509803922,0.8819444444444445,,0.94,"[148, 166, 384, 716, 911]"
Combined,agglomerative,1000,10,0.92,0.9215686274509803,0.9212962962962963,,0.96,"[16, 68, 166, 356, 384, 494, 715, 716, 757, 872]"
Combined,agglomerative,1000,15,0.94,0.9411764705882352,0.9411255411255411,,0.98,"[68, 72, 166, 186, 356, 373, 384, 494, 527, 552, 715, 716, 757, 872, 912]"
Combined,agglomerative,1000,20,0.94,0.9411764705882352,0.9411255411255411,,0.98,"[3, 16, 68, 72, 166, 186, 251, 356, 373, 384, 494, 504, 516, 527, 715, 716, 757, 872, 903, 912]"
Combined,agglomerative,1000,25,0.94,0.9411764705882352,0.9411255411255411,,0.98,"[3, 5, 16, 68, 80, 166, 176, 186, 251, 283, 356, 373, 384, 405, 494, 504, 516, 527, 715, 716, 718, 740, 872, 903, 912]"
Combined,agglomerative,1000,30,0.94,0.9411764705882352,0.9411255411255411,,0.98,"[3, 5, 16, 68, 80, 176, 186, 251, 266, 356, 373, 384, 405, 494, 504, 516, 527, 545, 604, 715, 716, 718, 740, 775, 872, 896, 903, 912, 935, 990]"
Combined,density,1000,5,0.9,0.9019607843137255,0.9018759018759019,,0.98,"[101, 370, 374, 737, 834]"
Combined,density,1000,10,0.94,0.9411764705882352,0.9411255411255411,,0.98,"[101, 370, 374, 384, 417, 534, 604, 661, 737, 834]"
Combined,density,1000,15,0.94,0.9411764705882352,0.9411255411255411,,0.98,"[101, 106, 214, 370, 374, 384, 411, 417, 464, 534, 604, 661, 737, 834, 959]"
Combined,density,1000,20,0.92,0.9215686274509803,0.9212962962962963,,0.96,"[101, 106, 214, 219, 370, 374, 384, 411, 417, 464, 534, 604, 641, 661, 703, 737, 834, 872, 959, 974]"
Combined,density,1000,25,0.94,0.9411764705882352,0.9411255411255411,,0.98,"[101, 106, 166, 214, 219, 345, 370, 374, 384, 411, 417, 464, 474, 534, 559, 604, 641, 661, 703, 737, 769, 834, 872, 959, 974]"
Combined,density,1000,30,0.94,0.9411764705882352,0.9411255411255411,,0.98,"[68, 101, 106, 166, 214, 219, 259, 345, 370, 374, 384, 411, 417, 464, 474, 504, 534, 559, 604, 634, 641, 661, 703, 716, 737, 769, 834, 872, 959, 974]"
Topological Forest,k-medoid,1000,5,0.92,0.9215686274509803,0.9215686274509803,,1.0,"[96, 188, 337, 750, 880]"
Topological Forest,k-medoid,1000,10,0.94,0.9411764705882352,0.9411255411255411,,0.98,"[96, 188, 256, 337, 547, 566, 750, 880, 948, 983]"
Topological Forest,k-medoid,1000,15,0.92,0.9215686274509803,0.9215686274509803,,1.0,"[73, 96, 182, 188, 256, 337, 366, 371, 547, 566, 750, 834, 880, 948, 983]"
Topological Forest,k-medoid,1000,20,0.94,0.9411764705882352,0.9411255411255411,,0.98,"[39, 129, 182, 188, 191, 256, 262, 308, 337, 366, 371, 416, 518, 547, 553, 566, 639, 750, 834, 983]"
Topological Forest,k-medoid,1000,25,0.92,0.9215686274509803,0.9215686274509803,,1.0,"[5, 39, 129, 132, 182, 188, 191, 256, 262, 308, 337, 366, 371, 416, 482, 518, 535, 547, 553, 566, 639, 693, 750, 834, 983]"
Topological Forest,k-medoid,1000,30,0.94,0.9411764705882352,0.9411255411255411,,0.98,"[5, 39, 73, 96, 129, 132, 182, 188, 256, 308, 337, 366, 371, 416, 482, 518, 535, 547, 566, 693, 750, 794, 797, 817, 834, 880, 937, 948, 965, 983]"
Topological Forest,agglomerative,1000,5,0.92,0.9215686274509803,0.9212962962962963,,0.96,"[2, 46, 69, 96, 584]"
Topological Forest,agglomerative,1000,10,0.92,0.9215686274509803,0.9212962962962963,,0.96,"[2, 6, 14, 36, 41, 46, 69, 96, 221, 584]"
Topological Forest,agglomerative,1000,15,0.9,0.9019607843137255,0.9018759018759019,,0.98,"[1, 2, 3, 6, 14, 36, 41, 46, 69, 84, 96, 121, 221, 241, 584]"
Topological Forest,agglomerative,1000,20,0.9,0.9019607843137255,0.9001782531194297,,0.98,"[1, 2, 3, 6, 14, 25, 36, 41, 46, 49, 51, 69, 84, 96, 121, 145, 221, 241, 413, 584]"
Topological Forest,agglomerative,1000,25,0.92,0.9215686274509803,0.9215686274509803,,1.0,"[1, 2, 3, 6, 8, 14, 25, 36, 41, 46, 49, 51, 69, 84, 106, 121, 145, 150, 182, 221, 241, 413, 538, 584, 626]"
Topological Forest,agglomerative,1000,30,0.92,0.9215686274509803,0.9215686274509803,,1.0,"[1, 2, 3, 6, 8, 14, 16, 20, 25, 36, 41, 46, 49, 50, 51, 57, 69, 84, 121, 145, 150, 182, 208, 221, 222, 241, 413, 538, 584, 626]"
Topological Forest,density,1000,5,0.92,0.9215686274509803,0.9203802733214498,,0.96,"[107, 347, 349, 735, 835]"
Topological Forest,density,1000,10,0.9,0.9019607843137255,0.9001782531194297,,0.98,"[107, 347, 349, 378, 388, 478, 585, 673, 735, 835]"
Topological Forest,density,1000,15,0.9,0.9019607843137255,0.9001782531194297,,0.98,"[107, 117, 220, 347, 349, 378, 388, 403, 419, 478, 585, 673, 735, 835, 961]"
Topological Forest,density,1000,20,0.92,0.9215686274509803,0.9203802733214498,,0.96,"[107, 117, 197, 220, 347, 349, 378, 388, 403, 419, 478, 585, 626, 673, 735, 828, 835, 935, 950, 961]"
Topological Forest,density,1000,25,0.92,0.9215686274509803,0.9215686274509803,,1.0,"[107, 117, 144, 197, 220, 236, 347, 349, 378, 388, 403, 419, 458, 478, 585, 614, 626, 673, 735, 828, 835, 882, 935, 950, 961]"
Topological Forest,density,1000,30,0.9,0.9019607843137255,0.9001782531194297,,0.98,"[107, 117, 137, 144, 157, 197, 220, 236, 347, 349, 378, 388, 403, 419, 458, 478, 585, 614, 626, 666, 673, 687, 735, 828, 835, 882, 902, 935, 950, 961]"
INDTree,k-medoid,1000,5,0.9,0.9019607843137255,0.9018759018759019,,0.98,"[1, 8, 343, 495, 901]"
INDTree,k-medoid,1000,10,0.9,0.9019607843137255,0.9018759018759019,,0.98,"[1, 28, 34, 40, 109, 120, 149, 273, 405, 801]"
INDTree,k-medoid,1000,15,0.9,0.9019607843137255,0.9018759018759019,,0.98,"[34, 41, 89, 104, 111, 120, 129, 149, 212, 273, 405, 536, 638, 654, 801]"
INDTree,k-medoid,1000,20,0.9,0.9019607843137255,0.9018759018759019,,0.98,"[34, 41, 89, 104, 111, 120, 129, 149, 163, 212, 249, 273, 339, 405, 438, 636, 638, 766, 801, 849]"
INDTree,k-medoid,1000,25,0.9,0.9019607843137255,0.9018759018759019,,0.98,"[34, 41, 89, 104, 111, 120, 129, 149, 163, 212, 249, 273, 339, 405, 536, 592, 633, 636, 638, 680, 766, 801, 811, 827, 849]"
INDTree,k-medoid,1000,30,0.9,0.9019607843137255,0.9018759018759019,,0.98,"[28, 34, 41, 89, 104, 111, 149, 163, 212, 249, 273, 339, 355, 405, 459, 524, 592, 617, 633, 636, 638, 644, 680, 726, 766, 801, 811, 827, 849, 979]"
INDTree,agglomerative,1000,5,0.86,0.8627450980392156,0.8599620493358634,,0.92,"[242, 367, 377, 432, 901]"
INDTree,agglomerative,1000,10,0.9,0.9019607843137255,0.9001782531194297,,0.98,"[1, 28, 57, 230, 242, 255, 305, 354, 432, 901]"
INDTree,agglomerative,1000,15,0.9,0.9019607843137255,0.9001782531194297,,0.98,"[1, 11, 28, 57, 93, 174, 242, 255, 354, 365, 399, 432, 460, 580, 629]"
INDTree,agglomerative,1000,20,0.92,0.9215686274509803,0.9215686274509803,,1.0,"[1, 11, 57, 93, 108, 146, 174, 242, 273, 342, 354, 365, 399, 432, 460, 580, 629, 835, 940, 990]"
INDTree,agglomerative,1000,25,0.94,0.9411764705882352,0.9411255411255411,,0.98,"[1, 11, 34, 57, 67, 84, 93, 108, 146, 174, 242, 273, 342, 354, 365, 399, 405, 430, 432, 460, 629, 662, 808, 835, 990]"
INDTree,agglomerative,1000,30,0.92,0.9215686274509803,0.9215686274509803,,1.0,"[11, 30, 34, 57, 68, 84, 108, 143, 146, 174, 242, 266, 273, 342, 354, 365, 399, 405, 430, 432, 433, 460, 628, 629, 662, 681, 726, 808, 835, 990]"
INDTree,density,1000,5,0.9,0.9019607843137255,0.9018759018759019,,0.98,"[106, 369, 375, 750, 834]"
INDTree,density,1000,10,0.92,0.9215686274509803,0.9215686274509803,,1.0,"[106, 369, 375, 427, 433, 622, 652, 750, 790, 834]"
INDTree,density,1000,15,0.94,0.9411764705882352,0.9411255411255411,,0.98,"[103, 106, 211, 369, 375, 427, 432, 433, 448, 622, 652, 750, 790, 834, 965]"
INDTree,density,1000,20,0.92,0.9215686274509803,0.9203802733214498,,0.96,"[103, 106, 167, 211, 369, 375, 427, 432, 433, 448, 598, 622, 652, 750, 790, 834, 835, 927, 965, 966]"
INDTree,density,1000,25,0.9,0.9019607843137255,0.8995840760546643,,0.96,"[103, 106, 166, 167, 176, 211, 369, 375, 407, 427, 432, 433, 448, 561, 598, 622, 652, 750, 790, 834, 835, 842, 927, 965, 966]"
INDTree,density,1000,30,0.9,0.9019607843137255,0.8995840760546643,,0.96,"[72, 103, 106, 119, 166, 167, 176, 211, 369, 375, 407, 427, 432, 433, 448, 561, 596, 598, 622, 625, 652, 750, 790, 794, 834, 835, 842, 927, 965, 966]"
